id,name,brand
1,"Beef - Ox Tongue, Pickled",Gabspot
2,Squid - Breaded,Browsezoom
3,"Crab - Dungeness, Whole",Vipe
4,"Chicken - Thigh, Bone In",Vipe
5,Bread - Pita,Linktype
6,"Cheese - Boursin, Garlic / Herbs",Jaloo
7,"Cookies - Oreo, 4 Pack",Tagopia
8,"Water, Tap",Omba
9,Zucchini - Green,Jaxnation
10,Appetizer - Sausage Rolls,Tagtune
11,Table Cloth 54x54 Colour,Voonyx
12,Veal - Sweetbread,Yoveo
13,Wine - Redchard Merritt,Browsebug
14,Crush - Cream Soda,Voonyx
15,Mustard - Individual Pkg,Dynabox
16,Pimento - Canned,Flipopia
17,"Crab - Dungeness, Whole, live",Yakidoo
18,Coffee - Flavoured,JumpXS
19,Magnotta Bel Paese Red,Zoomzone
20,"Shrimp - Baby, Warm Water",Gabtype
21,Soup - Base Broth Beef,Linkbridge
22,Fudge - Cream Fudge,Zooveo
23,Flavouring - Raspberry,Bubbletube
24,Wine - Lou Black Shiraz,Quatz
25,Bread Cranberry Foccacia,Tazzy
26,Napkin White - Starched,BlogXS
27,Wine - Sauvignon Blanc Oyster,Thoughtworks
28,"Crab - Back Fin Meat, Canned",Rhycero
29,Guinea Fowl,Brightbean
30,"Veal - Inside Round / Top, Lean",Tanoodle
31,"Chilli Paste, Ginger Garlic",Kaymbo
32,Beans - Soya Bean,Twitterbridge
33,Wine - Zinfandel California 2002,Lajo
34,Appetiser - Bought,Lazz
35,"Bread - Crumbs, Bulk",Roodel
36,"Turnip - White, Organic",Trudeo
37,Tea - Grapefruit Green Tea,Photobug
38,Scallops - Live In Shell,Bluejam
39,Lid Tray - 12in Dome,Kazu
40,Potatoes - Pei 10 Oz,Youspan
41,Chocolate - Dark Callets,Skalith
42,Soup Campbells Turkey Veg.,Edgeblab
43,Cake - Mini Potato Pancake,Yotz
44,Plastic Wrap,Divavu
45,Ginsing - Fresh,Thoughtstorm
46,"Beans - Long, Chinese",Edgeify
47,Dasheen,Browsedrive
48,Snapple Raspberry Tea,Brainlounge
49,Chinese Foods - Pepper Beef,Rhyzio
50,Onions - Spanish,Centidel
51,"Soup - Clam Chowder, Dry Mix",Eimbee
52,French Pastry - Mini Chocolate,Devcast
53,Icecream Cone - Areo Chocolate,Twitterworks
54,Pepper - Pablano,Oyondu
55,Pike - Frozen Fillet,Fiveclub
56,"Nut - Almond, Blanched, Whole",Gigashots
57,Pants Custom Dry Clean,Divape
58,Cookie Double Choco,Zava
59,Appetizer - Tarragon Chicken,Mybuzz
60,Glove - Cutting,Skivee
61,"Basil - Dry, Rubbed",Quinu
62,Beer - True North Lager,Eabox
63,Bread - Olive,Fivespan
64,Appetizer - Mushroom Tart,Oyonder
65,Buffalo - Striploin,Avamba
66,Peas Snow,Latz
67,Gelatine Powder,Camimbo
68,"Cake Circle, Paprus",Kwideo
69,Pastry - Cheese Baked Scones,Edgepulse
70,"Noodles - Cellophane, Thin",Brainbox
71,Brandy - Bar,Dabshots
72,"Soup - Knorr, Veg / Beef",Skyba
73,"Potatoes - Yukon Gold, 80 Ct",Riffpath
74,Cookies Almond Hazelnut,Trilia
75,Flavouring - Orange,Twitternation
76,Wine - Segura Viudas Aria Brut,Shuffledrive
77,Yeast Dry - Fermipan,Leenti
78,Wine - Cava Aria Estate Brut,Yodoo
79,Cheese Cheddar Processed,Gabtype
80,Bread - Pain Au Liat X12,Youopia
81,Tea - Grapefruit Green Tea,Aibox
82,Chicken Breast Wing On,Youspan
83,Wine La Vielle Ferme Cote Du,Innotype
84,Rambutan,Jaxnation
85,Onions - Red Pearl,Jabberbean
86,Ice Cream Bar - Hageen Daz To,Fivespan
87,"Sprite, Diet - 355ml",Jetpulse
88,"Beans - Black Bean, Canned",Flipopia
89,Sugar - Cubes,Flipstorm
90,Wine - Sauvignon Blanc,Avavee
91,Tart - Butter Plain Squares,Photofeed
92,Veal - Loin,Trunyx
93,Soup - Campbells Pasta Fagioli,Quinu
94,Dasheen,Kwilith
95,Beets - Golden,Edgetag
96,Beer - Mill St Organic,Babbleopia
97,Tomato - Tricolor Cherry,Youopia
98,Radish,Tazz
99,"Beans - Black Bean, Canned",Youspan
100,Carbonated Water - White Grape,Skivee